<?xml version="1.0" encoding="UTF-8"?>
<configuration>

    <property name="LOG_HOME" value="c:/logs/loan-dlt/servicer"/>

    <appender name="STDOUT"
              class="ch.qos.logback.core.ConsoleAppender">
        <encoder>
            <pattern>%-4relative [%thread] %-5level %logger{35} - %msg %n
            </pattern>
        </encoder>
    </appender>

    <appender name="APP-LOG"
              class="ch.qos.logback.core.rolling.RollingFileAppender">
        <file>${LOG_HOME}/servicer-app.log</file>
        <encoder
                class="ch.qos.logback.classic.encoder.PatternLayoutEncoder">
            <Pattern>
                %d{ISO8601} %-4relative [%thread] %-5level %logger{0}-%msg%n
            </Pattern>
        </encoder>
        <rollingPolicy
                class="ch.qos.logback.core.rolling.TimeBasedRollingPolicy">
            <!-- rollover daily -->
            <fileNamePattern>${LOG_HOME}/archived/servicer-app.%d{yyyy-MM-dd}.log
            </fileNamePattern>
        </rollingPolicy>

    </appender>

    <!-- Application specific logs -->
    <logger name="com.loandlt.cordapp.service.servicer" level="DEBUG" additivity="false">
        <appender-ref ref="APP-LOG"/>
    </logger>
    <!-- Log everything in hibernate -->
    <logger name="org.hibernate" level="INFO" additivity="false">
        <appender-ref ref="APP-LOG"/>
    </logger>
    <!-- Log SQL statements -->
    <logger name="org.hibernate.SQL" level="DEBUG" additivity="false">
        <appender-ref ref="APP-LOG"/>
    </logger>
    <!-- Log SQL binding parameters -->
    <logger name="org.hibernate.type.descriptor.sql.BasicBinder" level="TRACE" additivity="false">
        <appender-ref ref="APP-LOG"/>
    </logger>

    <root level="INFO">
        <appender-ref ref="APP-LOG"/>
        <appender-ref ref="STDOUT"/>
    </root>

</configuration>
